region,avg_altitude
Other,1017.3186082877248
Region 1,591.9545454545455
Region 2,133.5
